snapshot_id,trigger_time,last_checked,status,notes
sd_mjc2uwzoro56qxt8e,12/23/2025 15:00,2025-12-24 14:44:01,WAITING,manual backfill
sd_mjhtgrhv9fv9rjron,2025-12-24 14:33:20,2025-12-24 14:44:01,WAITING,auto-discovered
sd_mi22bapp1tq3zv26sv,2025-12-24 14:33:20,2025-12-24 14:44:01,WAITING,auto-discovered
sd_mi1er1j71vw5gpndr9,2025-12-24 14:33:20,2025-12-24 14:44:01,WAITING,auto-discovered
sd_mhgd6frk25ycbl39ky,2025-12-24 14:33:20,2025-12-24 14:44:01,WAITING,auto-discovered
sd_mhfv3f3f9c8hong92,2025-12-24 14:33:20,2025-12-24 14:44:01,WAITING,auto-discovered
sd_mhfv2xkm16mrm2zfbe,2025-12-24 14:33:20,2025-12-24 14:44:01,WAITING,auto-discovered
sd_mhfv2t841mijjk9q4i,2025-12-24 14:33:20,2025-12-24 14:44:01,WAITING,auto-discovered
sd_mhfv2la21tacqtsiu8,2025-12-24 14:33:20,2025-12-24 14:44:01,WAITING,auto-discovered
sd_mhfv20br16rzv3un6q,2025-12-24 14:33:20,2025-12-24 14:44:01,WAITING,auto-discovered
sd_mhfrsgz71lqgxfc5y0,2025-12-24 14:33:20,2025-12-24 14:44:01,WAITING,auto-discovered
sd_mhfrm90hi06qh9etf,2025-12-24 14:33:20,2025-12-24 14:44:01,WAITING,auto-discovered
sd_mhfr47vk60rzhvcxy,2025-12-24 14:33:20,2025-12-24 14:44:01,WAITING,auto-discovered
sd_mhfewg8f2jjbv5yv97,2025-12-24 14:33:20,2025-12-24 14:44:01,WAITING,auto-discovered
sd_mhc3sqkmvxhi3lwjn,2025-12-24 14:33:20,2025-12-24 14:44:01,WAITING,auto-discovered
sd_mhc3s7xcqku2k0ak4,2025-12-24 14:33:20,2025-12-24 14:44:01,WAITING,auto-discovered
s_mhaoasqu1onync50ka,2025-12-24 14:33:20,2025-12-24 14:44:01,WAITING,auto-discovered
s_mh98wecu274rd140sv,2025-12-24 14:33:20,2025-12-24 14:44:01,WAITING,auto-discovered
s_mh8uohdd2kochpl4n5,2025-12-24 14:33:20,2025-12-24 14:44:01,WAITING,auto-discovered
s_mh8tu57n21soa9vkqw,2025-12-24 14:33:20,2025-12-24 14:44:01,WAITING,auto-discovered
s_mh8otkan29roum4trm,2025-12-24 14:33:20,2025-12-24 14:44:01,WAITING,auto-discovered
sd_mh8fw6hunmxw82m4r,2025-12-24 14:33:20,2025-12-24 14:44:01,WAITING,auto-discovered
sd_mh8fhd0rkn53zo9ga,2025-12-24 14:33:20,2025-12-24 14:44:01,WAITING,auto-discovered
s_mh031jd61bf1fvbzft,2025-12-24 14:33:20,2025-12-24 14:44:01,WAITING,auto-discovered
s_mh02o5w9y64xeggtb,2025-12-24 14:33:20,2025-12-24 14:44:01,WAITING,auto-discovered
s_mgzx9jsp2dh7gmxtmq,2025-12-24 14:33:20,2025-12-24 14:44:01,WAITING,auto-discovered
s_mgvi5pon21wa61ipuk,2025-12-24 14:33:20,2025-12-24 14:44:01,WAITING,auto-discovered
s_mflq0kescseqh4a8x,2025-12-24 14:33:20,2025-12-24 14:44:01,WAITING,auto-discovered
s_mflm97ue19e16vxlh8,2025-12-24 14:33:20,2025-12-24 14:44:01,WAITING,auto-discovered
s_menelxnvib8et50hu,2025-12-24 14:33:20,2025-12-24 14:44:01,WAITING,auto-discovered
s_mendgezi1cy17sbnrr,2025-12-24 14:33:20,2025-12-24 14:44:01,WAITING,auto-discovered
s_mend5p622dnrvsw8ji,2025-12-24 14:33:20,2025-12-24 14:44:01,WAITING,auto-discovered
s_mend55i91b5154jp8t,2025-12-24 14:33:20,2025-12-24 14:44:01,WAITING,auto-discovered
s_mend33rt1sqv6k46tz,2025-12-24 14:33:20,2025-12-24 14:44:01,WAITING,auto-discovered
s_men9to2h1g8x75gj2g,2025-12-24 14:33:20,2025-12-24 14:44:01,WAITING,auto-discovered
s_men8su6kbpi60ynoo,2025-12-24 14:33:20,2025-12-24 14:44:01,WAITING,auto-discovered
s_men7yqxu1u4ofdz74,2025-12-24 14:33:20,2025-12-24 14:44:01,WAITING,auto-discovered
s_men7ref3w3nuk6e16,2025-12-24 14:33:20,2025-12-24 14:44:01,WAITING,auto-discovered
